{
    "web": {
        "client_id": "145697386104-42tuvofm93tdf19jlggcfl9k32anq5vp.apps.googleusercontent.com",
        "project_id": "calendario-377916",
        "auth_uri": "https://accounts.google.com/o/oauth2/auth",
        "token_uri": "https://oauth2.googleapis.com/token",
        "auth_provider_x509_cert_url": "https://www.googleapis.com/oauth2/v1/certs",
        "client_secret": "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",
        "redirect_uris": [
            "http://127.0.0.1:8000/authorize/",
            "http://127.0.0.1:8000/authorize",
            "https://127.0.0.1:8000/authorize/",
            "https://127.0.0.1:8000/authorize"
        ],
        "javascript_origins": [
            "http://127.0.0.1:8000"
        ]
    }
}